Wages_Tips_Other_Compensation,Federal_Income_Tax_Withheld,Other_Income,Rents,Total_Income_W2,Appraised_Value,Borrower_Total_Income,Base,Overtime,Bonus,Commission,Mortgage_Amount
66592,6192,1984,1273,55825,351151,77832,2271,2694,847,1295,457888
55631,3915,2175,1951,55543,355368,66308,3903,1526,1383,588,440118
74010,4652,2243,1208,70975,293276,75597,2818,1167,1567,1259,310045
48101,5426,1992,1700,81547,335554,55831,3399,2192,822,690,514551
70804,5563,1929,1614,85112,423230,51042,3010,1470,878,1600,409622
62441,3413,2374,1893,67456,299965,89427,3742,1508,617,577,424796
43435,6138,1979,1038,88744,482596,58337,2679,2345,656,649,527032
46277,4583,2193,1078,52074,338475,84129,2343,1470,1020,989,314098
45056,5922,1089,1743,63081,482664,76984,3690,1670,1293,1777,508816
48147,3646,1959,1731,78412,327554,62631,3344,2482,1307,1356,562512
73912,3808,1034,1315,54756,488113,65113,3601,2725,1235,1385,686956
67791,5899,2320,1423,79605,293449,84541,3839,1590,1579,1584,435436
66651,5026,2347,1998,68070,258402,83474,2210,2063,739,1665,353735
50826,3911,2526,1023,53735,437329,55034,3154,1833,929,1360,470574
48093,4497,2680,1870,69684,441138,89497,3520,2642,1708,861,662431
70952,4704,1273,1757,53933,313164,76455,2350,2112,1983,750,385033
69235,3559,2719,1958,67053,379785,68438,3757,1011,1029,1435,342526
68928,5035,1788,1830,61236,265478,52132,3775,1283,1523,1125,373334
57603,3792,1652,1464,65842,288042,65397,2429,2004,1871,1650,368753
45815,3850,1498,1056,58762,280939,74699,2441,2876,1981,754,483761
50432,4171,1757,1049,70400,467535,72240,3104,1129,592,1582,372071
59589,4550,1253,1429,70443,427225,58390,3693,2990,1860,815,731514
51019,5142,1147,1238,82356,321967,77233,2103,2169,729,703,384488
66803,4706,1543,1882,89959,476456,50533,2001,1449,527,1711,338300
49810,5007,2939,1184,64057,425810,51414,2059,1753,636,780,354075
59956,4369,2471,1562,62196,272015,67430,2497,1095,1692,1948,264577
49946,4602,1315,1129,55684,318091,79533,3000,2923,1672,1741,573853
70229,5850,2147,1577,80308,474767,67823,3230,2183,1737,1381,558168
60134,6731,2817,1355,69862,387395,74453,3827,1193,1232,717,392462
46753,5710,1447,1389,81508,453698,58675,2024,2813,928,1144,468175
73118,4786,2767,1311,59658,368091,65364,3722,2400,1200,1930,606526
69392,3201,1962,1411,81136,323110,82867,3125,1341,1183,880,358501
44035,3622,2958,1701,72589,389902,73529,3036,2753,571,1701,590624
77966,6560,2650,1120,69858,427609,72758,2167,2675,1088,1197,479047
68715,3697,1101,1455,54623,278952,53932,2253,2797,1811,1860,451038
49307,4816,2424,1026,53317,426952,60911,3864,2167,941,1319,588600
64173,5671,2710,1515,51798,377671,57281,3569,1142,1113,1008,358807
75981,3079,1363,1250,81121,287786,73080,2467,2028,767,860,396536
42609,4216,1082,1391,86442,368681,86353,2473,2827,1385,1540,505240
76934,3640,1238,1503,50417,281849,89063,2073,2466,672,1360,391661
44395,6723,2597,1134,83958,439726,50520,3177,2095,1856,963,512630
74253,3152,2653,1683,56508,410105,65976,2575,1353,814,1156,348569
67733,3608,1068,1847,53570,381792,59559,2677,2206,1413,1827,467904
41276,6462,2692,1786,73922,457161,83912,3807,2868,794,1298,745515
61007,3015,2198,1374,79325,370549,62677,3603,1617,1079,1207,461423
72475,5657,1559,1115,64149,438409,61905,2492,2250,1948,1064,454569
75539,5057,1330,1280,78515,491841,76594,3528,1559,1993,1561,475947
69393,4778,2573,1521,70997,350617,79372,2304,1112,1713,1046,278989
64278,5029,2869,1366,87544,391660,85149,3884,2149,1990,1804,586630
53106,6722,1450,1095,70996,342167,59599,2550,1489,551,771,325112
58483,3938,2752,1145,51059,353012,59830,3330,2479,1946,1480,558899
48058,6700,1581,1397,83834,406365,84447,2570,2342,748,1374,482986
55685,3438,2987,1460,67686,468940,75607,2792,2782,1168,1035,592218
47607,3469,2078,1482,89538,474693,67191,3385,2329,1561,1919,603443
77465,5812,2355,1079,54304,439416,70158,2909,2878,917,1014,608517
79939,6367,2197,1455,59684,404539,84291,3780,1791,1883,761,514699
46964,4127,2555,1394,73204,453609,72831,2219,2423,1759,928,465262
44903,4652,2786,1826,60117,410549,88947,2165,2793,925,574,478936
79647,3612,2730,1865,76195,303722,88373,3725,1957,1091,616,516514
69531,6988,1297,1620,73039,268887,67604,3595,2344,1401,1448,552823
64213,3724,2890,1250,85884,452141,65902,3420,1255,1572,824,406788
51516,4740,1024,1696,65608,431740,52337,3089,1662,1053,1587,421038
52955,5791,1560,1479,67150,439348,68200,3840,2386,863,1714,654513
43746,6229,2658,1208,82716,329789,70725,2803,1575,525,1054,374331
55146,6163,2601,1560,57915,392963,50580,3829,1210,1312,861,407191
52310,5109,2982,1116,67857,468370,54418,2728,2533,694,1508,540032
75263,3447,2721,1290,68606,471137,52832,2891,1149,1193,741,376424
68073,6818,2713,1680,54543,340219,75238,2362,2399,849,1288,437602
73332,6298,2328,1468,56154,486787,58884,2676,1864,1953,1835,455891
42975,3084,2237,1322,80484,454625,88054,2018,1662,1092,778,366597
59281,5484,2675,1315,82915,379185,51564,2675,1305,1656,1411,328356
65778,4420,1004,1513,53491,490437,57128,3254,1225,739,1119,402283
78557,6473,2909,1730,83266,379705,75962,2989,1776,1608,1324,442288
60138,6695,1873,1799,59195,333141,60058,3425,1148,1394,530,339114
40204,4107,1630,1613,73608,273503,78223,3698,1703,868,1166,447181
79827,4849,2070,1771,51111,337813,71376,3045,2170,693,818,481392
46045,4429,1474,1971,69882,342858,75730,2929,1462,880,1402,379376
78980,5188,1372,1302,57492,461240,69748,3150,1225,663,1736,385846
57112,5946,2260,1784,87645,457951,57738,3968,1663,630,1625,533529
66883,3801,2376,1316,89590,378209,81293,3477,2152,1807,1964,529466
40828,5216,2103,1630,70030,439009,71025,2508,2953,591,884,560235
64498,5701,1223,1630,74074,480550,83071,2098,2162,1265,1826,444873
45348,4529,2013,1569,63243,322167,52803,2838,1842,1051,773,396053
57909,6100,2511,1590,85681,303859,56117,3825,2886,1746,1902,664092
69026,3969,1652,1954,54744,441075,71561,3022,2391,1563,1247,557443
79686,6179,1467,1430,71651,371348,76479,2865,2109,584,856,473513
78153,4486,1188,1592,83915,424349,69000,3643,1742,1553,976,515564
49829,4293,2160,1264,77429,440848,71842,2596,1306,1524,899,356308
41534,5351,2650,1205,86163,454991,62545,3342,2758,1119,1645,651738
49203,5409,1299,1406,50192,469078,51038,2451,2221,1043,931,474416
69790,4588,2868,1694,66041,349860,83209,2972,1815,1086,1425,422928
40087,6124,1463,1869,57799,378598,88892,2828,2837,1576,1599,578198
44762,4360,2480,1430,71528,474092,84067,2744,1173,649,1236,361455
77674,5776,1371,1342,78703,284008,83159,3651,1240,641,673,358361
48646,5490,2002,1639,61404,477453,65816,3789,1069,853,1755,402628
57832,3635,2591,1283,64272,495642,55416,2814,2603,1879,1087,575348
45859,6795,1641,1190,59149,423945,60291,2696,1025,1112,1819,319019
66955,4525,1185,1533,64767,489070,66505,2211,2931,1600,683,524366
45941,5807,1122,1131,56523,421746,57813,2754,1857,660,1995,439617
55811,4051,2860,1399,70411,291205,77780,3861,2895,1157,1817,701281
56944,4366,1138,1958,80506,284231,77349,2650,2689,1113,1092,488189
54213,3332,2057,1664,67533,416722,52484,3553,2472,1431,1742,628752
61419,4996,2681,1157,77072,420029,76765,2979,2574,1520,1939,562597
43590,4402,1904,1590,67339,325573,54993,3062,2334,1415,1659,495041
76560,4709,1485,1461,65902,470118,56054,2915,1487,706,820,416750
69299,4444,2342,1206,52335,296663,66583,2497,1711,1081,924,354028
69843,3251,1326,1791,57338,367648,86665,2404,2982,1553,1913,526476
73150,4859,2349,1706,72381,333193,52561,3344,1619,1704,673,413144
60188,6149,1826,1055,60799,477593,67356,2635,1352,692,1233,370169
63213,3114,2264,1861,88729,363784,87038,2477,1754,1605,1034,382416
55208,3656,1560,1416,77752,409182,79988,3989,2271,980,913,634746
67521,6917,2550,1990,55363,250723,78262,2125,1001,1399,1589,238192
69704,6427,2624,1896,84019,451694,78184,3539,1065,1966,1494,394501
67898,3826,2115,1369,53554,264847,55471,2603,1552,1657,959,325642
54960,5204,2691,1829,66898,360046,62273,3824,2413,1400,1553,612213
56410,3626,2673,1520,59708,312572,55670,2052,1104,532,676,248620
55772,6786,2112,1343,77167,351398,86628,2352,2816,1281,1559,481710
63686,5080,2319,1375,84482,312606,71326,3963,2975,852,1428,724693
71203,3262,2929,1315,67987,466756,53117,3095,2011,1891,1225,511098
68350,6139,2106,1756,67659,413923,79675,2489,1626,1733,1699,394839
77249,6811,1349,1130,79329,265452,76006,2236,2054,1023,1321,364793
45246,5589,1086,1992,80842,263110,84121,2100,2624,1576,1119,420533
50544,4118,2344,1598,60065,440984,79993,2564,2194,1257,891,460734
67957,6647,1395,1864,84775,379440,87833,3071,1402,1027,1364,398186
74197,5959,1986,1663,58399,433451,61307,2065,1525,797,702,343877
62366,3576,2077,1228,65828,292447,74778,2850,1253,1728,944,317095
41542,5148,2246,1755,75809,346586,55532,2045,2380,1627,1438,405702
74013,4725,1063,1813,64639,256640,68943,3580,2077,1395,1461,504739
67534,6580,1707,1743,72145,378360,53922,2131,2026,1364,1495,375092
60078,6729,1305,1623,66309,269670,62175,2145,1325,1805,989,282138
40524,5129,2500,1507,68245,461722,86672,3265,2890,1098,521,678749
63181,6949,2258,1274,75468,304207,88235,3318,1417,721,1113,378950
68551,3192,2365,1653,84904,318649,69149,2962,1907,1917,708,431199
77397,5129,2481,1934,71193,440375,71796,3700,2125,1028,1759,577482
50196,3739,1585,1566,51135,480170,64989,3265,2886,1461,1159,668479
56411,6108,1170,1476,87022,388204,79710,2809,2025,1367,1639,457497
59082,5706,1614,1818,66350,421571,59514,2490,1589,1670,1969,396437
74854,5461,1240,1606,74046,340220,63890,3324,1606,816,1401,422308
64267,4614,2326,1168,73238,457385,55561,2500,1070,1826,1747,323150
42355,4133,1802,1441,89694,375170,58850,2750,1666,1272,1503,388193
64532,5155,2765,1681,83865,325368,69016,2784,2938,1458,704,557353
78576,3051,1203,1389,80736,477962,55248,3937,2752,767,633,747357
48205,3306,2486,1276,86560,432738,52674,3591,2163,1149,500,581040
76963,3415,2930,1179,73770,339806,60212,3055,2231,607,1803,481139
41962,4373,1119,1309,73756,499954,74486,2138,1977,515,744,426349
44713,6167,1479,1367,50215,404959,84730,3979,2277,1923,970,645790
61422,4953,1977,1009,58498,251031,50884,3833,1326,1547,614,375309
76312,4125,1589,1597,75829,314919,75853,2496,2363,1743,1313,455311
46436,4930,1767,1479,81538,466563,77498,3887,1572,1226,1124,502683
60417,5772,1123,1811,61068,394504,62894,2969,1133,657,1110,346540
77312,5393,2471,1319,72779,312544,88330,3695,2741,1689,773,635477
69926,6237,2355,1561,53088,288477,88299,3310,2268,1482,1180,509213
76311,4859,2688,1149,66463,329698,70708,2424,2778,1457,1945,484948
52408,6020,1485,1604,66582,435408,58449,3654,2842,1474,1516,701714
53088,4927,1058,1962,62338,443693,51485,2696,1308,1862,1271,352683
74294,3140,2473,1191,79080,350528,89846,2468,2516,751,546,477472
70444,3282,1865,1611,80102,326852,75618,3538,2674,1319,1268,620779
41817,4990,1246,1140,88164,488164,77585,2010,1765,1290,1961,388398
60350,3301,2547,1269,79579,473874,69655,3567,2321,1277,1039,607352
70837,6187,1955,1600,62795,350844,51354,3559,1904,625,887,494891
77994,5695,2369,1700,50458,451413,87068,3006,1472,740,511,408324
69705,5027,1737,1705,80213,466927,85477,3993,1365,854,517,477744
59139,6502,2941,1525,53338,411833,56641,2635,2729,1840,1256,525626
47658,3894,1315,1841,60676,272853,64061,3669,1415,642,1329,387870
60932,3749,2506,1181,79958,344935,65400,3735,1316,1381,1901,408098
65302,3712,1373,1137,79501,438325,70884,2222,1882,1195,728,399358
46187,3982,1582,1371,74637,380594,81321,3605,1152,560,1899,393931
64123,3597,1998,1129,65009,487869,64824,3584,2590,1705,832,663124
78479,6237,1967,1932,68675,470022,73460,3552,1020,1844,1419,369900
78586,4038,1978,1514,77965,277724,55402,3993,2181,532,1654,568918
43558,4678,2205,1390,89319,359786,81791,3492,2718,1128,1090,618362
62994,4768,1875,1549,83533,321168,50373,3441,2793,1370,1165,630935
67009,6302,1316,1644,75003,416516,67144,3678,2775,1859,1177,693902
60553,6628,2350,1186,84571,418330,82439,2164,2318,946,822,439733
49736,5241,2131,1690,65995,397298,68667,3685,2737,1671,1191,669519
43750,6315,2563,1780,69109,416605,76369,3942,2437,1181,1810,677839
49457,6718,1327,1243,78470,386030,71328,3862,1186,1661,1778,386176
76166,3090,1401,1778,75295,276206,78792,3808,2069,556,925,530123
68014,3483,1566,1097,85001,441070,58780,2857,1754,1473,865,446230
73501,3939,2550,1171,50930,404569,59508,2067,2934,1002,1489,491515
70896,5245,2306,1934,57993,361056,67297,2553,1388,1064,586,331268
48454,3324,2192,1081,50359,289887,78827,2655,1057,1855,1882,277078
57077,3170,1826,1446,87801,259389,55361,2413,1012,528,1322,239312
54462,3989,1862,1810,60341,277720,85073,2972,1887,1502,1265,393090
76924,5189,1473,1239,70459,256346,81248,3930,2599,1246,646,656149
49276,6263,1854,1547,70297,340909,74836,2182,2608,1155,551,432250
48403,5186,2232,1559,54253,370956,57270,2235,2449,1091,1392,437209
46334,3671,2352,1172,50111,264479,55265,3815,1102,1476,1419,322965
55072,3513,1261,1752,56904,281675,63896,3109,1635,770,1195,388911
64571,3072,2486,1990,50324,421919,63571,2374,2719,1794,1182,490626
68574,4440,2769,1477,79937,329134,59091,3211,2093,821,682,483078
59296,3749,1048,1541,68016,460849,84770,3078,2636,1667,981,610231
64932,5728,1561,1466,69085,497907,52236,2178,1719,719,937,392999
57896,5439,2344,1144,82937,404943,60692,2649,2491,1611,1356,500781
65956,5974,1012,1048,77821,379206,78645,3509,2808,945,1657,643934
45638,5149,2414,1288,66899,470103,53818,2993,2337,1240,1507,545696
55424,3653,2465,1383,83605,496138,70341,2595,2631,688,656,546584
78629,5505,1171,1513,61628,336589,76653,2736,1650,1503,540,386759
61306,5807,2718,1318,67465,260668,67484,3530,2653,948,1120,599445
47033,4669,1442,1152,87720,265309,69150,3322,2941,1456,811,623560
63362,3286,1589,1416,59131,324911,52873,3237,1583,1036,1735,402233
72606,5598,1236,1340,64515,481144,88694,3812,1190,761,546,433554
75643,5444,2374,1790,51039,410606,50722,2551,2100,1176,1513,439040
62904,3014,2643,1298,58225,381824,88944,2207,1078,1997,1084,296370
53704,3626,1293,1227,73206,426052,64654,2982,1178,728,1875,347830
43076,4699,1462,1136,75179,253513,84312,2592,1318,1477,844,289379
65376,6201,1095,1555,81694,415696,77834,2853,2567,1890,1617,548902
68011,6834,1969,1686,71915,263669,57018,2796,2352,1175,1299,451041
51910,4970,2094,1861,87485,265076,68985,3184,1240,1517,1848,320470
42078,3403,2216,1437,73737,252313,86641,3053,1672,1737,1339,380325
45254,6387,2690,1884,78365,457272,74768,3020,2620,822,1580,582529
64287,6833,1745,1475,57864,295791,62128,2970,2616,1975,1447,544207
66797,6045,1822,1398,62747,487865,64258,2128,1033,1292,1687,305462
60546,3815,1469,1589,87983,496426,69524,3830,1359,1878,1130,470804
56354,3483,2630,1562,85165,410874,70715,3162,2442,788,1051,572707
70955,5141,1252,1597,78310,289437,70076,2216,2778,1021,1723,452351
69575,6005,1985,1524,55114,447841,88764,3828,2775,1673,1933,713616
74752,3576,2579,1648,74618,260635,88062,3997,1825,1748,1309,511335
41594,3219,2125,1390,58074,265608,83431,3039,1703,937,1320,400944
59113,3082,2773,1071,65494,363062,68713,2861,2537,1169,692,522715
74249,5128,1976,1001,76139,254405,74297,2472,2085,1388,936,383862
67335,3891,1555,1056,82824,436049,70341,2333,2052,1665,1606,422165
63980,3211,1015,1573,79294,285959,70323,2273,1040,999,1985,246583
48308,3838,2737,1143,66023,437751,60061,2651,2381,1609,795,500801
43317,4377,1125,1769,54201,342387,55761,2218,1598,766,1081,322106
62604,5976,2955,1211,73219,456107,72323,2958,2462,824,746,547781
55870,5676,2462,1628,88837,396304,68578,3155,1188,734,1083,369571
73003,4519,1128,1978,51679,283031,65869,2977,2990,1790,1944,571685
65093,6114,2825,1386,54431,457674,55454,2124,2553,819,630,445332
43289,6296,1582,1640,89250,490817,89192,2679,2184,520,1018,507262
74533,5743,2402,1658,63076,289289,89719,3258,1014,1314,1665,303358
67849,6409,1719,1662,71598,300168,54919,3865,2919,1511,1577,695143
50461,6654,2476,1970,76207,440626,64458,3102,2486,1270,830,571768
52435,4809,1171,1347,89786,386309,55489,3646,1350,1355,632,417204
46052,6191,1855,1464,65946,268192,86034,3618,2685,607,1678,612267
54605,5263,2178,1460,73376,297504,78933,2641,2510,1360,1652,465469
56046,4474,2488,1161,89552,467516,80501,3554,2767,979,1902,697318
56495,3780,2032,1713,50685,395602,86724,3235,2887,1126,1485,647978
65161,3748,1151,1547,68267,258651,73643,2001,1632,689,1263,289236
60498,4776,2991,1793,54585,361231,81533,2589,2525,557,1410,492068
48657,5727,1075,1864,62921,343849,51763,3679,2319,1108,1817,567338
42524,5181,2041,1723,84649,388782,81731,3108,1974,1179,1900,488814
68774,3918,1979,1505,80854,263172,75748,2487,2319,1708,1528,416898
71249,3843,1972,1353,88240,429421,74560,3085,2391,1891,1850,553859
44796,5691,2024,1027,74308,331802,75518,3524,2764,1983,1432,644402
47410,6981,2521,1384,62981,391903,69168,2300,2507,1588,991,464709
79925,3324,1421,1558,63223,296953,82162,2976,1862,1341,1899,417470
40920,3390,1514,1809,77182,433660,84324,2331,2963,1405,556,539627
71109,3915,2130,1929,82396,342774,51995,2955,1054,1059,1310,306233
48506,6680,2097,1957,84781,254417,66525,2608,2398,1367,1344,426742
54673,6316,2439,1559,76030,430390,71310,3346,1297,572,1365,383827
40293,6171,1397,1816,61385,305089,55009,2869,2643,1656,1643,514959
44186,5940,1648,1129,69906,437277,77988,3064,2646,556,1186,602154
77194,4065,2632,1992,68091,459013,52297,3917,2253,615,1458,635873
77296,5502,1332,1977,61094,490275,59473,2914,2190,1981,1624,519778
63340,4923,1323,1958,64155,442678,72172,2891,1049,1258,607,352118
60910,3223,2807,1624,89334,412391,85414,2950,2140,1135,1788,492254
49975,4114,1657,1562,54960,480280,58349,3524,2168,527,1590,576506
57912,5057,2739,1812,89045,426330,89830,3477,2363,1627,1353,587748
46014,5416,1813,1275,61707,287108,51677,3257,2294,1365,1460,502658
63837,5577,1710,1234,68816,456059,58330,3531,2536,1495,1129,642550
57376,4279,2488,1094,51821,317010,62153,3768,1243,799,1195,378428
43821,6226,1229,1374,54644,347710,85373,2222,1719,1887,866,361452
58843,4407,1052,1998,67899,288808,81899,3039,1820,1031,1041,407262
71024,5596,2646,1014,84434,405397,56879,3406,1384,1320,1852,407536
48154,4049,2074,1679,63551,396399,79834,2734,2532,1638,605,511313
72896,6108,1148,1808,56871,376889,76561,3556,2351,1441,1230,588613
70957,6495,2902,1778,56834,486653,80155,3491,1179,1486,1050,407186
64108,5494,1294,1419,64695,449519,71911,3804,1548,778,806,485354
74127,3838,2662,1846,77554,297288,82542,2363,2115,1296,1795,388250
44804,4585,2640,1574,64506,388713,78545,2908,2875,1638,986,580942
48715,3312,2022,1489,52543,351764,88052,3183,1218,1826,641,355127
76271,4216,2051,1719,81826,370342,57844,3094,2111,1709,1403,499853
61144,3768,1745,1871,88070,385574,89676,3272,2435,696,1363,575415
62085,5537,1864,1742,73734,382765,65525,3805,1805,1554,1634,505674
57280,4083,1540,1905,62416,276395,56077,3493,1230,690,1375,355125
41775,6145,2563,1089,65043,284008,57456,2107,1815,1308,964,318217
70128,4957,1791,1825,52014,486793,83927,2894,1135,1511,1517,368520
62465,6899,2855,1189,81698,466940,66950,2120,1296,556,997,330926
47036,5191,2190,1877,51568,361987,81111,2208,2946,774,1612,491179
68117,5075,2481,1011,74270,492128,60955,2735,2906,1833,961,606881
72908,4178,1324,1760,57941,401364,63981,3860,2746,1222,1622,690094
77237,6121,2481,1234,79974,335508,76155,2493,2316,825,1620,432035
68039,4688,1660,1508,88931,494000,72415,3120,2379,997,629,595154
61095,6804,1508,1562,79147,273424,64484,3148,2288,1224,1171,493855
47015,4800,2441,1883,63736,476701,75923,2935,1287,840,652,391660
66281,4180,2003,1704,74577,474620,82324,2851,2149,1367,1190,502401
50960,5745,2532,1956,60386,477800,74428,2206,1452,1311,1051,356698
61966,4829,2817,1655,68450,358423,50716,2928,2852,1266,1988,570810
78044,4400,2146,1997,72256,265603,84668,2616,2339,1864,1380,450781
78840,5972,1774,1164,58316,436576,58937,2894,1420,1117,668,392870
70436,5996,1258,1857,74587,286818,63398,3810,1590,681,1940,441174
52411,4320,1247,1850,62491,319246,61952,2076,1423,1808,1010,286305
62407,5235,2325,1128,67243,273799,60050,2017,1046,880,1484,238825
43110,4578,1365,1173,56013,458103,59881,2596,1546,1276,1278,377116
43902,6115,2057,1348,85902,479210,81721,3299,1951,1846,996,534652
44023,4728,1516,1617,89085,431182,73781,2767,2114,1074,1942,475656
43094,6745,2774,1479,70341,496589,60794,2253,1454,1087,897,356209
65903,6173,2476,1212,80876,428620,67187,2302,1949,931,1096,417374
61612,4242,1986,1208,80551,397950,64249,3847,2586,1618,794,689518
49773,3042,1494,1067,67584,286765,79504,3498,1505,1476,580,408652
58947,5368,2588,1495,64957,408483,53196,2480,1851,1353,776,421726
43161,6421,2537,1247,65520,300130,55988,2489,2258,1036,1997,411173
46779,6118,1449,1734,79999,252690,52435,2588,2861,1064,1612,485767
42359,6013,1081,1383,68404,303597,77119,3750,2853,1011,1942,668507
49182,4038,2543,1125,88957,450140,76120,2541,2485,1078,1319,502881
44627,5932,2230,1896,52560,446002,79112,2559,1270,1007,1491,343271
49445,4698,1132,1854,80728,462966,79127,3094,2481,768,1217,581184
69199,5746,1017,1942,88302,428084,82681,2552,1165,766,561,325755
44439,5011,1650,1077,52089,479139,81758,3156,2236,1655,903,540491
47220,3669,1484,1030,52140,329868,60660,3539,2550,1213,886,597599
76960,6169,2343,1957,70162,388487,62891,3087,2345,1514,1856,538886
71095,4737,1739,1506,63169,459237,74236,3294,2594,1349,1632,624139
56121,5750,1052,1220,59530,366601,60446,3851,1112,550,1313,375390
62789,3921,2679,1400,50093,284696,80295,3030,2385,1644,1473,491607
40074,5727,2954,1693,69120,278059,86658,2792,2552,1007,1734,476834
52508,6960,2583,1643,78770,268972,58957,2047,1148,613,1408,253082
64797,6479,1513,1273,64266,272590,71173,2708,1518,975,1304,320988
66177,4134,1285,1160,66756,345949,84835,2541,1898,615,778,395039
48788,3374,2908,1866,81038,425348,70396,2161,2396,834,1956,449127
64966,6595,2861,1630,58165,356312,81342,2699,2210,938,1585,471332
70815,4141,1114,1700,68820,399117,59721,3146,2214,1314,1388,526323
51364,6840,1889,1054,62656,421966,66053,2669,2335,833,1259,489053
71203,5333,2980,1742,68584,296164,78946,2916,2822,1487,1989,526567
55644,4526,2662,1100,71887,402937,57055,3463,1507,1995,1337,439382
65413,6144,2012,1194,86227,288505,72809,2791,1628,1848,1043,366715
42642,3412,1524,1565,81463,474637,76307,2209,2285,1524,1458,444515
58124,3361,1582,1873,59023,414397,60199,2133,2805,1374,1747,475253
62427,3657,1630,1320,52560,435656,88467,2493,2165,1256,1887,468601
58333,5859,1634,1073,65363,284024,68427,2737,1882,850,528,389920
65721,5774,2996,1832,80727,275962,60173,3458,1191,1248,1331,336808
48288,4057,2985,1709,83991,442095,84914,2756,2984,860,1912,606883
51068,5828,2281,1992,62427,281432,63347,2853,1629,1935,1769,359676
45391,3923,2670,1594,71111,491292,55512,3225,2751,1833,571,649034
59973,4305,2445,1393,66491,370891,78413,2985,1584,1466,1113,392373
62446,4070,1396,1149,67717,459466,59435,3398,2720,938,545,663634
54236,4970,2970,1536,85592,468439,65387,2913,2908,572,1478,633669
72746,6933,1265,1708,71015,473713,89091,2036,1377,710,1378,352515
66976,5978,2580,1137,61832,431362,84326,3155,1122,984,804,363742
40842,5753,2626,1700,74092,410853,62489,3810,2748,1594,1630,703147
54249,3858,1412,1396,89797,319327,82421,3355,1760,1820,797,437687
68535,4027,2147,1954,72938,473458,82092,3907,2304,770,1149,652385
59111,5794,1253,1621,75576,385605,64719,3368,1896,1808,1004,499788
68264,4624,1501,1843,80648,299714,71258,2424,1819,919,1195,362406
47120,3242,2879,1174,88479,428450,51058,3190,2478,1202,1389,584748
64923,3416,1062,1323,69095,336826,65231,3604,1373,1885,1392,398829
40066,4751,1866,1252,57382,489457,71010,2572,2507,910,1733,525812
48104,4796,2550,1012,62232,394349,72396,3005,1887,1321,1434,474822
42191,4960,2746,1403,63572,472497,58677,3648,2997,1357,1464,734499
72703,4208,2293,1605,51401,266708,83886,2349,2604,819,1175,423023
76035,6656,1385,1087,78474,497696,86140,2249,2584,515,666,490376
48151,4376,1836,1407,63857,491527,71853,2927,1381,642,1092,410853
40568,6571,2018,1993,79587,382810,57256,2565,2009,1941,1645,427202
45707,6569,1378,1824,66755,468733,84083,2924,2488,947,1085,564084
78067,6569,1303,1404,84392,396529,72197,3012,1169,1200,525,360453
71742,3787,2277,1061,74797,392166,84143,3430,2505,1078,1412,595682
55754,4521,2560,1616,84564,387030,86440,3444,1937,1060,670,516754
57925,5057,2472,1730,80872,468409,68110,3458,2572,540,1909,648408
76318,6186,1927,1942,88727,441653,86088,2233,1141,1567,1166,326500
69099,5988,2726,1916,89427,349347,87813,2690,1303,1599,1467,320572
69405,5506,1823,1251,66840,344437,68184,2172,1658,1536,911,340314
43772,6892,1636,1422,73674,375436,74640,2010,1936,1526,700,372344
75558,4837,2735,1713,75742,395516,73661,2592,2958,1348,661,556681
46930,6487,1070,1647,69630,310453,88116,2995,1305,1562,651,349869
63423,3700,2380,1019,79778,336749,58195,2421,2936,906,580,509764
71368,3399,2282,1537,81249,499492,54840,2759,2610,679,1189,562315
44368,3779,1709,1288,56142,413054,78188,2882,1368,1459,962,365138
56075,4832,1403,1725,71884,427497,74535,2860,1978,1676,1348,475551
55218,3159,2796,1445,74801,251181,67474,3473,1410,833,1274,377224
60440,3231,1486,1693,56158,336181,87019,2017,1237,1575,1557,281837
42409,5791,2304,1372,51965,466220,87880,3728,1004,1844,1151,385958
40713,4329,2179,1678,72442,456013,84424,3063,2735,1371,1661,605744
41016,3985,2621,1351,53265,389801,85934,2135,2619,531,1082,439596
56049,5476,2079,1597,59525,357001,82544,2712,2252,1235,1105,460777
75239,5799,2356,1329,57459,480212,78983,3994,1781,780,1494,555987
77887,6004,1618,1594,83934,257845,62334,2825,2720,814,1459,499487
72359,6313,1690,1790,89957,370277,83840,2806,2370,1683,599,497542
53394,4221,1345,1426,84743,252851,88832,2503,2148,1765,1383,390263
66814,6460,1373,1038,55100,396998,81784,3369,1886,1400,1270,498781
57160,6789,1018,1092,63134,498210,66106,3996,2445,1774,769,701056
78044,3956,1662,1987,79879,335422,88464,3337,1078,1864,1061,353787
67860,4783,2267,1963,72459,305294,61652,3219,2047,1439,694,468142
61995,5098,1898,1875,69398,421815,71928,3773,1422,707,1793,461465
66514,5202,1880,1662,64681,308120,64384,3375,2262,859,690,532513
64327,3671,1170,1486,82140,438963,51590,3139,1247,1404,743,382111
70240,5646,2052,1597,57540,270072,57745,2010,1870,1327,703,322099
56795,6719,2032,1480,52765,382372,50419,3599,2523,858,594,615092
51655,3908,2092,1592,89339,340425,55323,3987,2803,1142,1333,700606
60940,3831,2516,1894,73154,414822,89917,3148,1494,1614,970,407387
77471,4628,1502,1671,84932,390432,58061,2211,1594,917,1140,341764
56801,4875,2584,1805,77323,462856,50325,3132,1059,682,1960,354860
74893,3868,2778,1471,83590,402343,68295,3752,2802,648,1423,697950
71606,4451,2724,1014,78753,420407,69746,3704,1877,1183,1147,553170
52270,3522,1705,1524,66733,491210,85962,3069,2267,1517,1234,550966
56835,6048,1278,1903,72879,287621,78581,2062,1030,1447,720,227137
48716,3938,1801,1884,83956,291232,58287,2955,2038,500,1425,425772
42957,5059,2429,1532,76930,384035,76369,2542,2413,1144,1836,473249
44959,3731,1794,1923,75026,347072,75627,3827,1104,564,1576,363709
74037,5381,2763,1220,51019,391308,71643,3032,2439,670,977,546982
66625,6501,2215,1279,71559,426005,89597,3018,2010,866,1682,499588
61203,5917,2653,1258,56266,366147,58800,3854,1553,1966,1566,463660
41428,5258,1105,1759,69228,349468,80505,3144,1874,591,1074,439842
64077,4482,2822,1319,81076,325588,78119,2183,1996,1441,1862,392772
48140,4673,2468,1165,66467,264045,77496,3801,1813,1755,849,472319
48464,6334,1777,1287,58996,317358,61703,3093,1325,757,1527,339382
48476,3643,1998,1521,78961,253502,63051,3256,2961,727,601,620623
68725,4788,2922,1747,71089,258436,88835,2799,1161,1271,969,289801
55377,5591,1803,1526,76550,378002,84885,3927,2992,1803,1843,756293
45457,4998,2968,1902,51263,272148,87547,3079,2349,906,1472,485252
66731,5614,1292,1578,74807,258242,81239,2318,2506,1651,948,436408
58553,4672,1218,1873,64200,450625,50619,2540,2488,541,600,518853
79837,5655,2927,1802,71392,296582,72786,3010,1419,1765,713,355097
54752,4796,1687,1279,82023,406803,88121,2100,1047,1908,927,284543
49986,4233,2897,1803,82309,413471,67076,2453,1702,1846,1680,400285
48387,6395,2100,1318,56176,315477,62493,3766,2698,1878,1254,639157
58748,5095,1416,1121,71461,341549,52933,2498,1851,1073,691,385560
53192,5467,1492,1948,68458,320749,89795,2878,2030,974,652,441028
66329,6839,1104,1515,83567,296261,69265,3528,1398,1812,1015,390886
43419,3926,1191,1564,55159,401687,73862,2115,2182,811,786,405767
65413,5711,2451,1612,53261,363839,81273,3079,1789,1700,1206,448900
61365,6328,1264,1454,88288,469943,52139,2260,1012,1699,1253,320525
46131,4102,1863,1007,60060,429555,55042,2292,1255,1259,1190,330647
57820,6578,1546,1645,88826,365310,52372,3316,1702,1759,1320,445839
58705,5090,2566,1697,69141,359004,76109,2835,2683,1991,1757,542314
70580,4289,2653,1418,57177,389953,80548,3825,2099,1967,647,569152
46213,4607,2342,1778,59266,476074,65063,3345,2788,1059,768,672178
54700,6512,2150,1666,84316,287106,67118,2742,2285,682,1887,445190
52799,4449,2471,1024,75472,260924,61653,3575,1602,1485,1189,415167
70998,4768,1077,1141,57099,455853,84685,2992,2634,1370,1112,584321
79495,5115,1300,1082,89728,485440,57624,2528,2037,1316,1384,471618
70689,3885,2197,1668,51325,304660,78799,2776,2857,1433,1137,535244
54049,5934,1537,1447,64041,499229,69448,2736,2676,1333,1991,581048
74911,5097,2356,1600,89835,432164,57198,2987,2522,1073,503,562316
59586,6705,2115,1312,67567,433857,79694,3817,1116,555,1366,412614
59239,4487,2194,1825,84058,373470,71926,2379,1292,1772,843,320286
78741,6290,1378,1199,78212,429535,67194,3151,2104,1799,764,511534
72949,4768,1360,1436,74489,380731,78495,2927,2817,1481,1055,579312
78450,5961,2177,1061,89903,493472,75611,2682,2046,1026,1936,486966
57066,5534,1392,1091,79171,312033,66608,2118,2523,856,1076,413862
50018,3950,2910,1053,67609,319426,54451,2727,2503,1979,1213,490006
49710,5235,2356,1804,69096,325608,68696,2346,2522,1443,1300,444052
41490,4141,1464,1092,52097,433466,71919,3120,1417,874,974,407209
78005,3597,1946,1902,89670,321970,68702,3987,1672,1012,1941,476484
47394,3059,1591,1241,57799,252992,50855,3115,2046,1512,1386,435185
50468,6610,1266,1372,69025,338594,69897,3562,2371,721,879,582654
53728,6840,1478,1104,72491,419190,53639,2394,1597,1506,1754,370504
68604,5377,1770,1408,74268,432558,56974,2916,2592,1916,694,559473
72242,5366,1779,1408,53532,476848,88315,3410,1291,1408,1897,422941
49884,5654,2926,1956,71661,319527,54430,2323,1491,1701,831,316868
52470,3564,2357,1297,50806,360574,66043,3922,1930,814,596,531443
71931,5823,2947,1115,77072,258295,68275,3920,1726,1494,1819,471234
68698,3583,1063,1220,84726,468157,89477,2363,2903,921,1372,554352
68578,3973,1791,1721,75051,370724,86819,3541,2082,1717,1576,535736
78819,3585,1803,1749,54924,306034,83041,3807,1144,1413,1200,351954
59675,6343,2455,1537,54000,432949,79401,3077,2255,900,1687,525421
76907,3292,2838,1013,76801,463770,66519,3179,1723,1298,1247,464997
51295,5686,2120,1174,75928,295913,86423,3636,1569,1539,1252,435256
73650,3515,1740,1195,66991,466345,55201,3271,2982,1722,1227,666685
76668,5656,1392,1310,63987,415616,88611,2990,2241,1326,1953,516838
64804,4917,2634,1701,68592,280232,77847,3543,1349,780,1794,377981
44656,5886,1897,1399,65247,462147,72454,3050,1575,650,1982,428378
44324,6325,1861,1364,83563,346562,54270,3855,2182,648,987,561624
52300,3866,1216,1347,58532,373787,79639,2523,2751,964,1349,506649
54694,5310,2345,1672,86962,459459,55799,3701,1810,749,1475,542331
56257,6399,2470,1377,82319,451622,83735,3516,1974,1052,1194,535922
48488,3641,1032,1587,89525,411567,64746,2189,2990,1815,1430,498867
49631,4966,2834,1007,87383,275218,89629,2876,1766,1836,1382,383404
71441,4849,2176,1711,63309,293165,58055,2549,2074,1818,586,398114
77911,5525,2281,1204,68464,465268,89339,2542,1625,1107,1681,404379
57557,6634,1960,1455,50956,305419,77904,3509,1232,1029,1546,333773
79019,4027,1196,1253,85123,276183,67699,3780,2494,1004,643,598015
40726,4053,1905,1955,69849,361086,72188,3957,1257,1991,1927,402284
52931,4724,1626,1482,54731,343850,77723,3512,1460,1325,1259,412857
49095,4853,1219,1405,50388,384742,69789,2229,1775,1179,1452,380355
79465,6892,2773,1268,73407,478758,79724,3843,2722,1638,1949,737268
52012,6337,2314,1559,52470,470588,88240,3499,2790,1787,1951,672551
58367,6172,1275,1196,83922,480789,70622,3558,1670,1335,694,498055
53984,5972,1342,1544,68132,271155,78969,2848,2867,1579,1431,541902
41367,6595,2995,1114,51468,281138,73038,3079,1346,761,916,326302
53990,3396,2008,1094,76546,400797,60538,2087,2856,1175,930,476434
48747,6145,1749,1398,88330,420781,82294,2148,1274,1710,1890,325721
55920,4716,1179,1828,64471,351420,67380,2983,2282,1418,1085,506816
51122,3940,1134,1283,89563,488220,80135,2386,1277,1251,933,371773
45249,6071,2506,1930,79712,293445,54675,2625,2240,1645,1371,428866
60724,4278,2498,1526,68408,487386,71075,2494,2897,1665,1865,558488
45904,4192,1506,1047,69521,445577,79164,2777,2573,775,1265,560855
61876,3243,1736,1570,84540,355866,70630,2833,1967,954,1532,445835
53063,4149,2034,1988,64027,400171,73741,3845,2634,1861,1913,682528
54402,5763,2968,1862,88244,432041,52722,3588,2323,1332,1654,598583
44724,5280,2781,1676,89195,442249,58790,3152,2787,1883,1786,631659
77489,5637,2090,1794,71867,473644,63928,2280,2541,1313,1983,488034
52979,3454,2949,1856,62991,258278,58753,2752,2384,1710,944,459414
70656,4813,1397,1836,76303,272546,51758,2688,2674,1766,1462,469396
61191,6821,2694,1887,73155,310608,82345,2802,1042,1539,1950,289281
40647,3146,2308,1535,81178,379824,79936,2844,2768,1044,1681,563196
43994,4862,1802,1668,76995,426862,72918,2712,1962,1091,1309,455377
41251,4738,1845,1432,86972,270651,80200,3599,2303,1281,648,547868
69009,5008,1171,1457,81000,307547,73280,3072,2876,1728,594,588883
44288,6755,2352,1033,82414,396640,85143,3228,1629,1930,1977,442716
76617,4563,1024,1269,78817,375153,86076,2055,1450,1051,876,332691
77780,6866,1428,1157,56743,306352,84590,3872,2859,1511,636,698062
72333,4776,1501,1664,56290,473237,79219,3974,2788,1685,1858,763391
43845,3434,2858,1216,52291,450605,51027,2188,2950,1278,968,501038
43165,5761,1546,1213,67255,461255,84417,2068,1975,1973,1825,390673
47268,5654,2662,1559,84254,474135,56799,3765,1651,773,1918,512298
46983,4096,2963,1853,89909,389901,60286,2628,2658,1208,1897,518308
59387,5544,2975,1675,70631,341900,55739,2819,1173,1234,1637,309186
59997,4175,1586,1726,62810,308060,84533,2868,1195,1080,662,326261
71347,3696,2020,1337,70873,326699,89175,3104,2591,1356,876,562364
70189,3059,1477,1792,54046,494492,80539,3445,2312,1158,1828,606989
50111,6078,2516,1581,86591,250560,58171,2054,2273,881,1496,364665
78148,4995,2492,1699,78008,302692,57954,2463,2317,1278,1515,435487
68019,4208,1145,1700,51870,498017,83569,2774,1055,1220,1598,346874
71429,4588,1283,1339,72930,446525,71852,2648,1538,922,1133,381400
41742,5619,1929,1985,53845,358437,85368,2691,2461,927,1609,487182
43858,6748,1068,1515,78245,272829,66503,3602,1214,1415,694,346213
43696,3429,2422,1292,61047,397215,75307,2956,1058,620,1485,327642
73306,5514,1860,1995,55826,352979,55979,2324,1707,1881,1302,342078
59592,6423,2736,1621,62747,270395,82603,3147,2180,1361,1285,475392
53650,3704,2554,1017,63902,349035,56534,3200,2898,689,1163,593152
76109,6363,2471,1550,73393,341327,77530,3209,1477,1320,1425,375777
51489,4877,1566,1680,60750,444151,82168,2827,1297,830,639,367906
42733,5322,1634,1092,77693,336567,86689,2153,1456,1675,668,319774
56295,3857,1557,1061,87492,251131,60350,2281,1428,1526,886,277099
78039,5312,2847,1113,80404,277709,81887,3266,2979,744,963,640951
65015,5503,2650,1793,50169,341888,75315,2421,2299,895,792,424127
42356,4498,1787,1760,51331,384846,76808,3503,1629,612,1156,456060
70882,6139,1211,1763,50834,496359,74037,3162,2064,1250,1060,537954
41177,4091,1178,1628,60341,487120,61287,2824,1824,1752,1535,462509
52738,4216,1649,1538,71062,447336,58085,3479,1663,1965,1431,478264
60780,5568,1172,1811,58452,384606,72412,2203,2065,1674,1857,395594
72586,6593,2211,1313,67192,258212,82179,3255,2599,782,1045,553273
41145,5898,2813,1176,72311,470795,76874,2048,1256,859,1340,342271
66915,5630,1371,1306,70198,441056,60680,2501,1021,1598,1710,310224
45829,3281,2235,1354,52138,481999,63258,3707,1479,534,1787,461394
75864,6483,1344,1779,69135,419150,78567,2289,1098,1618,1314,307843
55231,4812,2789,1922,71281,378537,75752,2745,2203,1005,1251,472861
54082,6547,1534,1793,68487,460578,51623,2890,2067,506,1782,500625
54982,4904,1917,1888,50449,447319,84308,2354,1268,1309,1989,337548
60790,4962,2007,1141,85948,262228,61828,3116,1372,1548,856,349126
64556,6119,2524,1836,76256,399780,76942,3515,1646,985,1798,460981
56513,5757,2844,1164,67870,282140,56136,3429,2375,1955,644,530693
57941,5556,2493,1943,84212,458927,71224,2300,1835,1719,1313,421688
53019,4530,1543,1280,78574,403392,65906,2068,1077,921,1024,295219
70791,4834,2626,1359,58046,465690,52815,3964,1606,1002,839,499418
65909,6402,1388,1769,78937,392440,65057,3739,1726,666,1661,498095
44201,3504,1319,1172,83940,318163,80177,3890,1377,957,584,415409
77105,4856,1586,1659,54157,429310,67685,3543,1132,1145,707,390432
58495,5156,2397,1208,68803,395656,66093,3041,2050,575,1360,491685
61509,4462,1017,1018,85525,406260,69544,3000,1167,1786,1737,338670
50803,5792,2302,1230,80601,292563,60587,3009,1564,1140,1572,372534
63223,6496,1757,1660,78172,421350,70476,2551,2041,1820,622,441602
53468,4731,2776,1396,77885,489013,64814,3868,2680,846,1253,717169
45289,4989,1730,1057,81102,283037,56000,3071,2543,1007,1803,525366
41270,4213,2448,1736,75941,468727,51656,2172,1393,1406,1334,335953
62229,6448,1067,1025,74420,438554,78176,3153,2809,1932,714,644542
42759,6432,2800,1286,54429,396119,68535,2460,2695,1245,503,496195
65273,5047,2136,1356,71245,457387,88186,2634,1537,928,1568,389050
59295,4232,2617,1013,77803,401633,69718,3073,1043,1872,915,347329
68629,6174,2298,1081,65767,292346,81856,2699,2833,797,979,506766
45698,3114,1808,1466,81127,413437,64874,2274,1351,1588,908,327361
42207,6193,1996,1228,82984,276232,68867,3187,1509,1576,635,363898
47961,4884,2646,1075,53066,424479,70580,2723,1476,1330,1591,381636
65619,4988,2931,1863,50683,443662,88394,3500,2400,972,965,618160
45538,6841,2868,1037,75857,351334,54160,3055,1993,599,1318,476797
49269,6825,1430,1186,74185,492882,87908,3698,2159,639,1952,603723
79774,3883,1687,1027,59602,338747,62059,3738,1174,1023,1640,365146
41132,3880,1860,1509,86729,425199,55813,2931,2297,1964,1576,512462
47903,4189,1827,1956,64140,403884,83192,2049,2043,1154,1561,379955
54407,3215,2693,1187,62290,432161,66259,2292,1977,1237,1824,409573
42691,3837,2214,1173,55050,252689,60686,2707,2510,979,1223,445803
50033,6458,1720,1936,58099,304624,79499,2338,1105,1218,1966,251709
76344,5794,1935,1415,56874,291944,63044,2124,1293,748,1685,257555
47832,3988,1916,1256,77585,338593,72386,2122,1291,1548,766,289452
47268,5019,2212,1128,84851,448188,63003,3199,1493,1381,1432,420742
72147,6593,1146,1959,61292,425972,86509,2576,1788,620,1672,420798
44130,5881,2254,1699,56323,399450,65609,2512,2496,1298,1488,488191
68113,4027,2015,1634,57491,317961,87847,2030,1763,1096,540,320417
46472,3584,1451,1256,75503,437005,78889,3807,2299,557,1125,622156
75848,6644,2634,1495,82558,433973,63374,2847,1178,1990,1315,365982
75296,6211,1986,1901,52424,266574,51096,3557,1465,1759,1464,382878
57102,6378,2467,1671,69107,293167,84658,3307,1117,1101,1599,331244
64438,5574,1957,1890,76829,376095,72750,3299,1368,1535,1337,389871
49190,3777,2437,1746,70631,457317,89406,3212,1136,1747,964,396090
52117,4517,2305,1509,52454,353384,81567,3735,1296,1598,1228,392180
67337,3942,2792,1456,77918,266319,66950,2899,2859,1248,1861,562902
51684,4833,1890,1903,52089,336234,76301,2860,2595,695,507,535003
59489,6987,1676,1281,59932,388524,77126,3768,1526,1498,1806,461636
76339,3899,2854,1990,51069,470293,56739,2874,1847,671,590,448266
47655,6474,2492,1043,50125,279228,79233,3034,2404,1926,1655,496353
45051,3723,1869,1832,61221,435298,70673,2138,2313,602,1416,420420
54810,3074,1678,1748,82684,432942,76816,2733,1032,528,973,336435
55420,3815,2237,1489,87566,367804,58829,3129,1755,1850,718,444826
71850,3162,2524,1383,69470,298481,63415,3377,2673,1991,954,590660
75226,5770,1140,1989,89274,436191,67901,3543,2144,561,1743,584092
52103,6784,1200,1411,89876,396698,87450,2780,1043,1047,1763,319884
65190,3655,1294,1773,70973,250672,72411,3449,1883,1778,1561,442605
60201,6952,1200,1102,77774,454102,82850,2541,1689,1239,1912,408800
71793,5148,1963,1890,63507,320372,74247,2380,1908,1925,586,378160
77602,6721,2706,1097,67859,421184,56286,2730,2403,1766,950,506936
48004,5886,2820,1197,61358,255650,88281,2355,2673,879,1221,429284
47646,6784,1260,1193,66967,452109,53167,3735,1352,1764,1880,441932
59191,3299,1640,1537,64226,400262,63999,2089,2170,1564,1267,399499
73798,6946,1024,1196,73762,393259,79808,3049,2512,717,1890,557131
67953,5669,1554,1575,54142,434095,77358,2336,2327,1748,791,454891
74072,3975,1883,1100,76658,421488,70418,2342,1925,663,952,416546
44789,3599,1253,1550,70894,485467,84844,2339,1281,699,1278,351851
53649,3465,1611,1164,85101,441531,78324,2012,2412,1212,1956,427530
53206,3545,1637,1084,60541,373545,69790,3679,1135,1959,1225,368575
41772,4305,1456,1877,83361,379711,81296,2242,1437,1919,1777,356199
48264,3770,2719,1815,74038,296264,80537,3245,2121,513,529,499294
72014,4237,1807,1552,62515,390859,50578,3809,1453,543,1258,447329
75177,3852,2913,1089,74676,267474,70866,2385,2473,948,1665,427858
49485,4182,2910,1070,62268,368015,79775,2076,2280,1595,895,387804
45126,4719,2472,1461,68610,374986,88277,2203,1266,1445,1730,296244
67420,6685,1156,1080,52001,461636,75278,2738,2917,1683,1977,603214
63452,3812,2958,1605,78757,272512,57666,3261,1561,936,1240,399497
44161,4039,2583,1357,87197,315602,71493,2330,2311,883,1117,411457
42676,6425,2797,1586,56284,276854,81058,3482,1456,732,1125,392860
73344,5047,1116,1120,53934,311176,58880,2181,1440,1724,988,287126
42233,5266,2212,1104,85357,494531,62856,3748,1003,1790,1412,379478
49945,4764,2774,1253,78481,473453,83315,2121,2078,1895,553,425993
47800,6209,2148,1159,89903,316114,88308,2922,1442,723,903,357790
45115,3281,1643,1256,69600,396301,75724,2833,1777,1014,742,424789
59203,4195,2823,1785,50208,408627,67715,2931,2437,1992,1833,519628
66633,5841,2224,1092,52862,489164,71709,3023,2535,926,1521,588031
52448,4892,2271,1671,74416,370431,63391,2153,2190,1804,701,383841
70210,4826,2370,1420,87537,288083,87196,2346,1128,566,1436,267723
79541,6311,2020,1374,84820,371139,74273,3182,2668,1931,504,601651
71645,3582,1060,1765,78587,363134,62298,3018,1579,1227,513,416179
74637,3333,2238,1078,89406,434941,63553,3212,1041,1461,1307,352418
73566,4412,2923,1813,76551,382230,66281,3224,2692,1433,1648,605518
55196,5993,2139,1920,87359,486604,53054,2861,1063,1512,925,353605
68855,5045,1379,1016,63816,345229,78376,3750,1308,827,938,413709
67453,3176,2658,1872,83316,459096,84352,3972,2097,715,1162,624232
42668,6363,2351,1781,60101,404208,85712,2170,2538,1155,578,446062
62942,3486,1858,1172,77178,468847,51820,3261,1946,1078,1425,518598
72779,4192,1983,1599,75209,315228,61408,2300,1095,1621,1188,259487
44569,6756,1579,1372,84004,477166,61464,3357,2395,1462,1439,608697
73385,5815,1472,1601,87272,340137,53741,3392,1342,1260,1886,389058
73047,3487,2303,1151,77327,276253,73248,2739,2218,830,640,436152
52798,3746,1627,1601,86163,363102,62955,3214,1438,1200,1544,395101
44860,4089,1957,1371,86303,321976,72611,2989,1461,774,614,374959
70065,4390,2945,1312,64695,393361,85342,3878,1015,1998,538,380142
51462,4025,2725,1343,63034,252962,76258,3933,1762,520,1688,467534
54837,3446,2619,1473,68077,303342,81322,3895,2985,1983,1762,732361
46910,6182,2340,1653,61207,353826,82321,3837,1857,1423,774,516504
52692,6678,2828,1379,62624,273355,88691,3472,1130,1525,1531,330397
49082,5095,1327,1731,54175,340578,56964,3538,1693,632,814,446156
53934,4381,1025,1123,61665,421865,84862,3364,1410,1192,803,420512
69906,4397,2438,1800,54495,362399,84187,3536,1775,1492,1844,474407
68415,4287,1132,1379,66008,447792,87221,3496,1022,557,1901,369316
79690,4298,1766,1617,57342,424641,66466,2764,2138,1039,529,477765
72530,5694,2390,1030,87769,252101,53605,3354,1047,1286,1964,288428
62977,6733,1815,1227,80249,338333,76128,2284,1967,547,1459,390240
75290,3762,1588,1741,87706,493731,74703,3241,1911,1578,1244,529656
43818,6655,1817,1850,82954,485118,50991,3748,1853,1953,1859,547856
68370,4556,1794,1497,77806,264555,50769,2838,2273,600,1080,456500
67775,3481,2967,1348,70759,467624,86703,3575,2413,1048,996,638758
49796,6017,1806,1859,88788,405218,89874,3462,1832,1507,929,507635
54132,6826,2743,1016,78166,436107,72217,2857,1888,1650,1773,452858
70087,4855,2673,1934,73440,469200,72609,3800,2638,1146,1112,702080
57738,6914,2198,1817,80166,256287,57002,2884,1690,500,1368,358255
61842,3989,2726,1569,57836,427199,53812,2452,1994,1155,1096,412521
50160,3073,2785,1347,88934,394972,65438,3397,2913,1943,1057,672026
79100,4875,1364,1463,84508,340636,68401,2838,2578,1312,626,518863
68806,6031,2377,1720,58479,363473,58465,3768,2659,1836,999,651494
43878,6667,1911,1090,66406,253176,57621,3276,2312,925,1012,496568
47219,3882,1956,1932,73196,289873,52037,2062,1673,1942,1790,307738
75804,4836,1073,1732,89327,258900,75922,3894,2783,1614,1765,678787
66724,3377,2424,1268,78910,447480,80928,3291,2097,1645,1122,541108
40719,3181,2637,1180,88259,317095,64741,3541,2615,690,721,619731
61025,5250,1979,1299,82818,299940,85749,2474,1776,817,1255,349413
46727,3866,2353,1960,77094,421764,69174,3469,2738,1340,1515,652299
40061,4987,1179,1365,88462,372144,56028,2438,2374,1264,1209,435677
62012,4074,1606,1319,50276,418968,71048,3801,2070,1078,734,564374
65885,5695,2457,1875,50895,492286,68482,3369,2126,833,1652,555163
41863,6619,1983,1221,85943,432214,76891,2829,1028,1087,1449,332948
47279,4467,1610,1761,83257,421847,72620,2578,2664,1066,1321,532229
46184,5915,1776,1395,85915,448709,75796,3583,2685,1609,1434,669955
71346,6363,1388,1633,78948,284051,55518,3488,2354,1433,513,541919
54350,6693,2678,1116,85578,490727,74286,2102,1521,511,1683,365059
52376,5958,2519,1757,83527,359781,86603,3184,1837,502,1635,465227
75008,6224,1074,1607,76903,364410,61596,3480,1662,1560,1055,441350
77740,4609,1124,1203,84299,329593,79103,3239,1931,1878,1005,469860
71394,6868,1475,1368,55620,347804,56378,3897,2269,1070,1995,577986
79690,5002,2908,1703,62356,475800,86896,2971,1756,739,738,462554
53545,3527,2546,1166,89165,409379,60914,2249,1550,1498,1275,353863
40772,4756,2414,1681,54436,374445,82768,2013,2746,1414,1998,427338
73400,4262,1388,1597,59323,298775,68998,3115,2630,606,583,550599
62437,3322,1298,1202,62613,446828,77191,2593,1466,1928,789,371928
47733,3878,1170,1038,74360,277636,87347,3243,2198,528,552,500030
69669,6342,2037,1073,80065,353246,67078,2723,2585,993,1090,499271
40504,6792,2304,1192,72076,353868,62394,3341,2178,1145,935,516231
74393,3037,2367,1721,86712,295847,80909,2684,1237,1574,653,301411
49066,3349,1226,1768,83357,446796,83003,3297,1822,535,726,501464
65165,6569,2248,1563,73499,265968,72980,3201,1088,824,1640,315878
53754,4537,2222,1499,75292,273316,73371,3187,2463,999,570,531024
65789,6429,2997,1352,83607,489141,75167,3234,1677,1996,1344,499703
72702,6651,1195,1215,53920,398695,72107,3434,1942,1381,1672,500946
46638,4460,2702,1348,84984,320154,89095,3020,2097,1888,791,463464
60807,6206,1788,1432,50140,461734,74673,2282,1518,1687,1459,369097
51036,4965,2779,1606,59620,434090,78172,2138,2602,1574,1546,481126
75617,3097,1104,1366,71068,423122,82773,2710,2698,1449,1331,543073
64842,4426,1677,1919,79003,465955,65892,2080,1102,1936,1718,314809
71074,6835,1285,1866,55768,418460,61159,3785,2115,892,1189,579279
40391,4608,1217,1959,66675,444622,88899,2431,1594,909,1094,385247
64922,3648,1634,1418,87917,389237,71365,2916,2661,730,1594,566276
43137,4240,1676,1193,77840,412136,74273,2869,2233,915,1128,504738
74331,4401,1485,1977,66329,488306,85692,3143,1614,1714,1597,469503
45903,5033,2912,1844,73203,378570,59082,2988,1909,890,1990,453100
72387,3616,2467,1042,59047,350634,60857,3610,1503,886,1892,429086
79575,6431,1817,1242,54586,487000,63861,2084,1218,744,590,343670
75942,6745,2145,1296,78085,363785,87809,2430,1307,1325,1759,333727
71177,5561,2077,1066,58331,469675,65574,2712,1240,1185,1721,369285
77065,4870,1847,1333,52377,301327,67300,3856,2043,1977,1659,521898
43440,3511,2352,1523,86663,401144,88050,3085,1524,516,1407,410548
53898,4605,1967,1400,59354,283704,61911,2440,1426,871,1233,304056
66864,5167,2582,1587,66607,394046,75730,2589,1976,1950,1334,431984
45780,3747,1508,1841,57474,402859,75218,3629,2205,1721,1015,571620
56278,3716,1055,1924,78778,429368,84697,2084,1927,609,680,389132
74454,6340,2511,1186,50392,252073,56509,2554,2473,1219,1410,425808
71185,6847,1197,1029,58450,382062,57183,2729,1150,1186,529,332838
53928,5715,1780,1581,50442,309647,80012,2863,1118,1528,1816,301825
76209,4796,1463,1345,54582,282649,64088,2841,2187,856,582,453859
48173,6453,2236,1890,68696,493173,53860,3421,1978,652,809,535615
53125,4585,1870,1797,87608,427278,66691,3859,2884,1128,1890,742272
77351,6329,2162,1518,50206,391682,70145,2813,2516,1617,561,523334
73137,6836,1786,1582,84746,291280,82143,2495,1977,1559,1616,396261
75384,4447,2779,1291,68204,464673,79009,2516,2701,1530,1511,522095
44400,4603,1756,1687,80298,432403,80521,2644,1323,543,1141,366793
56573,6135,2859,1608,74997,485391,66903,2760,1121,970,1633,378441
43298,6126,2395,1369,77769,365886,88604,2710,2594,662,1440,514061
54158,4916,2826,1301,82661,322033,80116,3374,2310,590,683,540559
47481,6952,1242,1898,65477,480176,53562,2345,1715,1534,757,406060
71569,3466,1451,1909,51019,366353,89335,3182,2661,1714,1193,583579
63108,6546,2126,1184,83382,403510,60639,3686,2916,910,896,716968
59255,6224,2048,1634,60336,298270,55179,3204,1331,508,1969,354277
47002,3322,2824,1478,71783,453459,58923,3118,1200,1870,818,387684
48441,3471,1932,1221,52165,277559,78794,2256,2830,922,1526,440383
40493,4786,1092,1015,75637,389266,71822,2293,1658,500,893,367237
58404,5053,2541,1662,59702,339010,51857,2971,1946,1709,970,436911
46227,3220,2595,1988,59617,465935,66062,2375,2762,1259,533,516515
45483,3818,2269,1415,52570,296190,89754,3114,1292,999,1481,347839
75524,3585,2820,1275,84557,287955,84384,2689,2790,905,1492,503582
77118,6069,1560,1340,52337,257908,65647,2764,2381,647,769,435650
70263,3678,1325,1557,61784,285052,70174,2799,2280,1176,632,460592
45208,5029,2916,1968,51214,402247,71585,2256,2201,1016,718,422972
74116,4589,1385,1645,77063,256939,76802,2292,1831,1742,868,322984
52272,3809,2517,1426,68980,310272,74948,2035,2198,1046,626,366111
78968,3439,1717,1637,52407,414483,51390,3969,2791,1141,1263,742838
50491,3092,2971,1400,81192,296914,52749,3198,2834,1675,705,586208
76129,5634,2099,1608,76481,417528,77079,3569,1105,962,1722,390833
55594,6471,1332,1041,55003,264399,68367,3119,1410,1854,540,357334
50656,5323,1623,1995,57682,255011,69348,2672,2009,1513,1405,388500
76455,3665,1115,1545,74294,388981,53098,3040,1929,1988,996,452875
50690,4764,1696,1169,84355,275911,62534,2065,2121,1703,793,338680
69615,4685,2924,1478,57869,378286,52056,2526,2551,1032,1478,476092
57330,6732,1119,1201,56250,442590,85235,3182,1998,1762,977,527842
66184,5515,2658,1635,60813,397741,89850,2737,1390,1126,1554,347662
59395,6419,2601,1546,50770,418104,81590,3610,2669,1973,1238,650150
40077,5875,1275,1934,89406,337438,56321,2358,1131,1190,1306,275815
74344,6790,2748,1963,87562,442277,66789,2394,1249,1302,1120,353961
72388,3948,1676,1960,67302,451618,58202,2312,1071,1990,791,313224
62284,5878,1044,1128,72125,310058,62561,3625,2019,1062,1411,499215
76935,5886,2533,1288,66740,477484,53737,2863,2133,1488,1254,499294
67500,5763,2193,1904,89575,362309,59412,2214,2951,570,634,491607
67637,3980,2635,1762,59112,301105,59597,2906,2735,840,1450,527540
46348,5318,2205,1722,85500,278074,74682,3005,2405,1077,1824,499431
72687,5053,1535,1680,52003,358455,79032,2189,1504,897,513,340785
49917,4268,2846,1881,74207,352367,77866,3653,1226,538,609,382410
54947,6130,2142,1612,58843,489521,69348,2059,2412,807,558,450368
74467,3416,1234,1080,61449,407803,87048,2321,2385,1597,600,461727
41521,5959,2287,1073,58925,262871,52999,3906,2833,659,1318,675161
70911,3929,1719,1377,72687,467395,68099,2609,2888,1724,1557,567311
48560,6725,2862,1147,87981,401518,61639,3303,1022,1780,1658,343916
46721,4146,2672,1577,84086,308900,73313,3412,1793,1421,1518,451212
69033,6118,2416,1681,64788,486033,56108,2927,2995,869,1930,635925
41794,3978,1576,1640,60062,311009,63534,3424,1091,1823,1220,315588
75395,6452,1195,1744,57405,298721,77512,2265,2718,775,575,433946
54487,3560,1922,1719,68488,471102,64197,3924,1212,1727,842,435622
78511,3519,2247,1409,58684,270555,86150,2658,2023,1073,1717,388988
52978,3815,1287,1498,78434,340266,85847,3977,1247,807,1303,402150
61516,4456,1701,1766,65747,260177,87035,2688,1254,1789,1185,300134
44779,5774,1892,1402,53817,293045,57216,3585,1854,1555,1516,462136
68181,6496,1225,1155,62035,335067,71129,2811,1959,1771,1239,424198
67326,6734,2853,1233,71035,256773,51917,2139,2753,715,1091,396520
59918,6395,2123,1478,55780,291694,68089,3527,2617,843,1610,597529
48377,6662,1081,1081,89314,303782,58663,3224,1158,842,1025,320498
46222,3416,2859,1423,79040,274697,84133,3930,1359,1214,707,394669
47296,3024,2463,1145,52581,406923,57873,3258,2356,1209,1465,561259
65740,5450,1924,1344,81744,305141,78544,2944,2198,728,973,474219
75812,4234,1375,1025,58831,448329,77426,3345,2441,864,1851,611432
48268,5866,1209,1196,79821,373008,83949,2278,1315,698,1471,323868
50916,6765,1608,1625,57806,251742,51238,3087,2478,1903,510,494305
58298,4494,1498,1340,88161,474510,68818,3895,1042,1480,616,414812
66448,4322,2468,1111,80754,450017,80113,3321,2680,1899,1187,656669
65689,3252,1817,1304,88617,478455,70961,3103,2464,1677,861,590408
76993,3135,2296,1483,73321,387616,75858,2565,2018,724,867,433871
72977,5226,1540,1542,84720,398970,69486,2533,1049,1506,962,293262
49317,5527,1199,1281,74130,387176,62777,2664,1288,737,1100,336511
61563,6718,2352,1002,55444,352511,77912,2038,2304,1624,1895,395821
74265,4819,1158,1126,75558,418504,51373,2066,1831,864,1619,372615
66002,6608,1349,1573,55020,341008,58443,2196,2903,1671,1688,470420
75743,4939,1882,1159,68682,391691,69992,3029,2047,957,1844,475755
49907,6134,1702,1667,69970,282268,57311,2300,1770,1318,1574,337121
54729,4123,2870,1013,57870,322433,60658,3438,2336,1390,1512,541844
61720,3015,1884,1832,77337,271234,76524,2080,2180,702,1633,344736
76919,4861,2680,1683,63784,429086,85579,3770,2249,512,1313,606495
50591,6225,2522,1750,80602,461491,73259,2964,1968,576,1046,488275
53457,4748,2748,1966,51693,441596,56818,3299,2399,1770,1650,575412
79041,4241,1856,1025,50993,456637,89247,3161,1772,965,603,478463
48109,4313,1011,1740,74939,297091,72873,3744,1933,1309,1359,493162
43138,6737,1265,1210,64354,363459,59356,3955,2556,1450,981,657442
40516,4821,2103,1438,73467,298358,69484,3171,1658,824,1513,398734
56365,3141,2360,1906,67563,296716,58392,2749,1537,863,535,335686
42156,4457,1849,1324,59495,459209,79621,3000,1822,1964,800,460944
56355,3607,2103,1552,88105,440462,50464,2427,2217,565,752,457369
60280,4282,1117,1932,61622,408066,84662,2061,1858,1522,1211,365979
58111,4446,1203,1533,87568,329952,86477,2327,2221,551,1761,415280
55728,6591,1131,1922,81125,380296,50263,3455,1240,1479,1112,376975
50949,3331,2482,1044,60219,251902,65737,2421,1110,579,1324,242906
52097,4456,2706,1394,60066,296951,55420,2437,2332,1275,1221,414105
64635,4523,2459,1599,58357,423477,60041,3483,1548,1640,564,443049
46116,3215,2162,1692,70014,322563,61559,3169,2478,757,1704,552419
56702,5207,1439,1304,78574,263392,66915,2476,1166,822,1723,259677
56562,5414,1156,1629,84940,484505,78123,2513,2788,1522,630,560236
59543,3225,2134,1437,70023,282539,80014,3910,1674,647,730,475133
55157,3445,1196,1640,75661,422959,87523,3425,1128,1981,1855,394763
66110,5170,2091,1225,85396,444491,79194,2380,1932,1089,1819,419135
76712,4346,1295,1330,77336,277652,57813,3892,1421,1764,791,409708
77537,3438,1519,1463,59827,348378,64123,2666,2181,1501,1636,445576
71196,6063,1028,1536,59983,456566,88676,3691,1089,1488,1308,408867
73070,3039,2562,1040,72404,379570,56258,3513,1825,1068,1125,483801
78110,4068,1029,1461,81509,386732,85721,2838,1583,1923,1003,407820
52064,3027,1803,1837,80617,465324,71324,2523,2258,615,1528,481494
55393,5266,2776,1369,73566,296656,77813,2884,1788,875,1730,409019
66715,5886,2133,1992,59764,354277,89098,3958,2819,1887,1109,722151
48339,5629,1904,1249,51204,468860,54798,3557,2768,1013,1868,683381
46229,3843,2469,1296,66068,489747,70511,2807,1404,1963,1294,415280
67205,5511,1646,1282,86023,355975,62206,3626,2393,1615,1972,598336
44024,6105,1038,1981,57615,352443,55718,2536,1143,1658,1669,295645
75386,5273,2879,1740,68603,416862,62730,3242,2474,1759,1671,572998
59923,5788,2664,1811,67904,433351,85785,3893,2268,1806,545,620531
51168,4068,1043,1040,76405,392318,51231,2005,1368,897,639,308838
43232,5436,1096,1435,70792,421402,80994,3705,2975,1108,1300,735630
57800,6233,2625,1925,88427,429889,74408,2844,2472,1904,550,547193
56963,6666,2853,1947,61951,300241,52808,2384,1656,906,1160,322859
60805,4099,1807,1362,77943,268113,89720,2958,2634,868,502,523676
71984,6486,1538,1175,88489,443795,75153,3207,2274,1872,1998,554893
76552,3292,2403,1596,57294,303219,73618,2016,2162,1664,1152,358798
78116,3178,1256,1556,50715,431348,68874,3044,1233,1321,1407,362704
69539,6201,1952,1508,80334,401389,77593,3045,2969,1290,787,636180
70091,3952,1269,1312,72068,274134,84939,2633,2089,1755,1436,396682
56231,3203,2848,1429,85894,402453,73688,3121,2109,1765,1662,498262
48703,3787,2273,1451,64934,353991,77728,3599,2035,812,1954,527565
53328,4983,2417,1151,54541,351577,72644,2468,1197,1491,1143,306074
56934,6677,1629,1240,69221,257251,61604,3299,2925,885,1484,589635
50829,6241,1158,1254,61214,327660,74608,2613,1132,563,1705,292144
76971,6998,2661,1174,81540,426233,50793,2330,1342,1250,1433,353914
47269,4334,1257,1343,65134,392791,53535,3677,1487,1213,1071,444722
43365,5716,2140,1147,65868,444902,84063,3349,2283,924,1474,559275
45472,6985,1366,1772,88357,456016,83677,3708,1154,1662,1429,419102
64826,5802,2900,1496,72191,261712,61734,3053,1868,736,970,410633
57451,4392,1541,1766,61869,343587,72176,3149,1086,1950,1257,325483
47235,5337,2662,1982,58658,469084,85917,2485,1803,1445,871,420349
58261,5354,2263,1900,71060,458684,56566,3714,1929,1303,936,552200
72764,4494,2591,1740,68420,415407,75519,3136,2338,839,828,551478
54295,4309,1806,1934,68822,373674,80817,3656,2331,1579,551,586871
68639,3520,1533,1506,86372,322714,79963,2244,1969,1890,1333,379018
69891,3957,2983,1775,87800,363714,78046,2149,2379,1400,1691,422380
75219,5733,2215,1427,63169,381943,56727,2022,2788,976,1117,446786
40293,6315,1140,1107,76317,307033,53244,2048,2332,1973,1833,369990
76474,4714,2106,1579,52821,422099,87726,2588,1989,1051,1357,447349
79049,6257,1302,1603,53031,451478,84304,2133,1321,867,682,345457
76797,4042,2380,1371,75274,255806,54439,2265,2803,1328,658,443962
41715,4177,2016,1566,87156,444525,65081,3618,2975,1300,1719,724874
58929,6662,2341,1515,51927,479400,53515,2002,2828,929,1657,470711
69509,5284,2742,1762,77749,374666,52365,3719,2066,903,1528,543689
41809,6047,2717,1894,60325,465461,55355,2448,1749,1061,1682,414875
76182,4198,2695,1617,68280,300751,50305,2497,1628,1803,1978,347028
76928,6320,1725,1345,81711,288050,61737,2962,2245,651,712,476199
79416,6347,1356,1242,51954,261258,81560,2241,1879,1914,728,339873
71162,3024,1826,1997,51867,308380,64750,3215,2749,552,1161,581632
68343,5068,1722,1688,62078,339547,55039,2728,2874,882,1391,536740
48255,3859,1135,1371,74820,461602,65896,2560,1092,1927,1608,328582
76441,3149,2936,1125,54160,362335,86825,3746,2626,1690,1743,660939
44770,4928,1957,1415,71754,433278,53469,3828,2993,1806,1701,748835
49134,6824,1702,1062,76204,374477,71180,2869,2878,766,1808,581061
79431,4138,2919,1034,69486,314848,72976,3774,2669,1932,1755,640320
40410,5386,1894,1135,67600,324542,78083,3604,2176,1892,787,556742
69088,6903,2882,1621,60495,480659,88585,2472,2407,1027,579,507313
52939,6432,1274,1755,50877,266664,60691,2922,2058,1999,597,421278
77065,6138,1715,1085,61440,470174,81532,3099,1724,1271,1376,466305
75202,3098,1824,1963,85478,303650,62166,3021,2074,1144,1938,451210
43049,5423,2783,1991,78973,278377,73163,2682,1183,776,923,292194
47146,6040,1201,1650,61465,370395,57296,2270,2226,638,1057,401036
59119,4692,2002,1097,83484,270831,85190,2691,2203,691,665,429371
63714,3650,2753,1087,62141,342176,65328,2176,2665,1621,1335,432427
42684,3435,2437,1145,53941,316734,75582,3397,1904,788,1381,464016
69661,4900,2768,1305,66504,334241,84479,3831,2101,1964,589,547904
51888,4776,2336,1041,71331,370200,70260,2550,2687,695,881,517933
42469,6438,2109,1604,55071,382483,84969,3803,1331,1006,1900,400662
51612,3586,2763,1038,71940,373363,81762,3421,1304,590,1869,389595
74790,6799,2543,1300,69193,335860,59515,3367,2984,1422,700,654962
53668,6154,1828,1570,86698,270556,70100,2697,2166,1923,1647,439517
71242,5905,1310,1662,82535,441496,89187,2962,1571,1160,1336,434978
73721,4114,1735,1409,85363,339880,50366,2222,1985,630,977,377311
63612,4524,2779,1002,89345,390007,58014,3051,1531,511,607,400955
49017,6241,2601,1416,58956,393920,54539,3351,1375,685,1050,400572
61548,3992,1186,1036,63617,258266,71587,3804,1128,1612,1389,348324
49046,3683,1343,1416,52162,483339,82100,2348,1738,1739,1032,410214
69086,5686,2336,1020,77569,251474,71357,2782,2754,1565,1964,509331
50931,3961,1894,1438,57417,445052,80467,2237,2967,1365,597,527359
53231,5708,2454,1141,76875,421295,71677,2419,1630,971,1356,378789
54636,4302,1814,1975,77357,460723,89642,3762,1503,1755,1217,484054
55849,5574,2219,1100,69502,457771,56384,2355,1271,1182,1285,340402
40576,6014,2462,1864,59690,274090,54508,3794,2714,1514,642,636063
74257,6166,2152,1057,57473,491748,79681,3787,2180,943,1842,617031
50014,5449,2374,1310,54971,315238,84504,2292,2753,658,1510,459468
41717,5300,2877,1976,76224,429033,52170,2005,1927,690,1621,388342
67532,6711,1076,1407,82525,402684,82068,2786,1363,1712,964,367263
53801,6455,1837,1990,72535,420397,71995,3526,2774,895,538,677731
51607,3151,1053,1094,83151,322657,52089,3902,1017,1819,1199,339051
47512,3058,2733,1206,57300,493494,65921,3366,1306,1918,687,417712
49592,5185,1540,1899,82735,361370,51891,2730,1230,785,1201,328321
70051,3149,2089,1003,70971,307850,79947,2461,2201,986,1703,415774
56049,4681,2036,1067,65990,406923,89037,2621,2643,502,1410,518464
65041,6508,2019,1593,58981,483677,83936,2469,2191,1777,631,472812
49678,6831,1376,1658,51772,454397,66723,3147,1282,1498,1273,378886
79468,6604,2341,1676,62348,417482,50284,2370,2463,1176,1710,463868
60443,4052,1577,1607,80953,395597,77299,2728,2088,559,1288,459499
60988,5019,1002,1382,77540,385755,65105,2924,2381,680,1125,508607
43310,6775,2302,1923,60291,330389,63665,2907,2318,691,1594,486836
53366,5120,1716,1623,57020,452368,66125,3794,1521,1236,839,482131
40763,6198,1491,1908,65995,392265,88491,3902,2179,1369,1674,605113
76377,4832,1715,1316,70496,267203,55410,2612,2604,749,1937,478111
47965,4862,2791,1675,57502,317975,52135,3448,2919,648,1168,636370
60483,6220,1769,1903,72568,395186,54122,2783,2900,1274,1301,579812
76179,3239,2616,1340,80066,364174,53415,2485,2755,1263,711,493464
42421,3873,2396,1970,73542,374153,71525,2329,2050,1738,1685,402866
74155,5488,1051,1911,70279,268684,72998,2081,1742,1710,1150,316805
68007,3674,2383,1349,60231,382266,51843,2814,1178,639,1504,324375
46889,5434,2224,1753,86621,345961,57893,2184,2214,672,943,395304
45935,5476,1989,1326,59901,400043,58162,3636,2699,1077,1247,663580
69531,6970,2050,1222,82763,428913,67937,2009,2553,1945,629,438002
68479,5495,1590,1139,87163,445938,85784,3011,2961,1438,900,635101
67517,6740,1315,1619,80710,438228,78258,2698,1994,1622,1761,462577
73445,4841,1539,1423,63136,267918,60709,2956,1493,1887,1015,355553
71876,4944,2493,1218,78545,377737,56759,2257,1918,1923,727,405783
74175,4978,1022,1136,50314,453316,61109,3945,1331,848,1806,464491
40285,6431,1785,1152,60808,344444,58721,2484,2615,537,1305,467916
69351,6921,2225,1627,85087,293452,87846,3914,2449,1021,1673,632359
71413,3829,2524,1340,66690,336952,57361,3225,2814,663,783,602354
47313,5628,2954,1943,51648,407011,59913,3830,1112,579,1057,397344
66794,4603,1008,1055,64155,452167,57301,3546,2301,1902,813,595682
76136,5810,1198,1967,63838,297752,89122,2806,2153,1692,1874,458654
42925,6575,2532,1737,51213,350664,65191,2983,1996,613,1100,443547
45186,4412,1579,1991,84256,426285,87819,2104,2928,1484,1009,487494
47157,6890,1736,1838,51008,464294,60478,2691,2237,1854,557,494821
56318,3486,1072,1326,67812,462515,57320,2344,2916,1277,1635,529842
71979,4029,2825,1005,79820,407327,85889,3829,2267,584,612,600543
41485,4811,1592,1848,59405,322874,62131,2995,1716,1483,1756,405022
61289,3161,2242,1398,69337,334339,67029,2969,2568,615,1285,540613
59890,4076,2078,1092,52014,269667,58641,2956,1974,552,1807,431711
69638,4918,1700,1915,57398,293574,80713,3278,1180,1375,1519,324815
74271,5393,2847,1665,85724,267147,78846,3353,1744,926,1299,425153
79079,6428,1114,1835,89426,265954,50380,2597,1278,1831,1520,287530
78719,4517,1170,1205,82919,384314,54216,3151,2168,1070,1467,502683
51030,6142,2272,1822,67721,273483,82258,3770,1755,1910,1672,464940
72408,3673,2343,1397,62754,480453,52601,3430,2649,1212,1871,638356
73903,6327,1684,1830,57091,343872,77481,2756,2250,1589,1502,467350
57352,5143,2436,1840,59096,338978,85605,3787,1039,676,677,353914
79862,5109,1458,1667,52239,463343,86609,3421,2885,1309,926,692817
69396,4252,2008,1956,61889,425889,66408,3346,2445,950,678,595321
61736,3526,1888,1679,72951,415601,60330,3750,1497,1618,1744,450534
67062,6822,1878,1924,78545,290377,61694,2919,2334,983,951,478748
62991,3955,2628,1923,71014,470082,67156,2210,2825,1099,1406,506150
48897,3585,1062,1466,70898,397339,67112,3651,2678,722,1952,662829
62464,4352,2454,1566,53875,451312,81384,2473,1612,1263,1572,396395
78872,4373,2650,1550,62499,475110,52228,2168,1345,1468,1115,342486
43016,3491,2022,1978,82479,400934,57717,3591,2001,1691,839,544787
42864,5416,1782,1459,60432,302198,68422,2280,2884,1996,1583,460607
59044,4639,1491,1243,80371,425546,88116,3521,2859,1635,1724,680833
72158,4547,1590,1324,57576,277541,64002,3946,2525,1059,689,624213
55943,5190,2220,1058,77458,433792,87720,3366,1626,502,614,461477
75090,4450,2482,1819,71894,304738,61598,2427,2231,826,1485,421484
71717,6621,1340,1400,58081,393891,52170,3108,1565,1618,1810,408598
59377,5766,2216,1813,50999,418533,73025,2064,2122,586,1254,396760
67438,5585,2111,1266,72090,285461,59229,3059,2725,835,1165,549981
64047,5849,1668,1947,72418,478288,51680,2708,2175,1397,880,483540
72154,4741,2314,1165,76009,425928,60970,3978,2548,542,843,686571
75514,6823,2123,1248,75975,263483,83516,2812,2599,694,683,498520
42649,4520,1203,1375,51683,498427,89947,3162,2161,504,1046,539961
66233,5383,2988,1088,59455,374677,51865,2828,2250,1631,1855,477562
51139,6688,1373,1940,51505,360285,82984,2192,2046,1334,521,364033
68831,3518,2793,1579,64331,482043,68726,2303,2116,558,1167,445024
57106,6728,2426,1277,79106,403504,64480,2546,1423,1738,1131,351207
72999,4443,2320,1443,86326,312901,70950,2787,2904,1483,1368,554742
53864,4363,1132,1925,86893,377394,84392,3877,1812,855,1444,531309
